BEGIN TRANSACTION;CREATE TABLE album(id INTEGER PRIMARY KEY AUTOINCREMENT,
                           name TEXT NOT NULL,
                           artistID INTEGER NOT NULL);INSERT INTO "album" VALUES(1,'first album',1);INSERT INTO "album" VALUES(2,'first album',2);INSERT INTO "album" VALUES(3,'first album',3);INSERT INTO "album" VALUES(4,'first album',4);INSERT INTO "album" VALUES(5,'first album',5);INSERT INTO "album" VALUES(6,'first album',6);INSERT INTO "album" VALUES(7,'first album',7);INSERT INTO "album" VALUES(8,'first album',8);INSERT INTO "album" VALUES(9,'first album',9);INSERT INTO "album" VALUES(10,'first album',10);CREATE TABLE artist(id INTEGER PRIMARY KEY AUTOINCREMENT,
                            name TEXT NOT NULL);INSERT INTO "artist" VALUES(1,'singer0');INSERT INTO "artist" VALUES(2,'singer1');INSERT INTO "artist" VALUES(3,'singer2');INSERT INTO "artist" VALUES(4,'singer3');INSERT INTO "artist" VALUES(5,'singer4');INSERT INTO "artist" VALUES(6,'singer5');INSERT INTO "artist" VALUES(7,'singer6');INSERT INTO "artist" VALUES(8,'singer7');INSERT INTO "artist" VALUES(9,'singer8');INSERT INTO "artist" VALUES(10,'singer9');CREATE TABLE genre(id INTEGER PRIMARY KEY AUTOINCREMENT,
                           name TEXT NOT NULL);INSERT INTO "genre" VALUES(1,'OST');INSERT INTO "genre" VALUES(2,'ROCK');CREATE TABLE music(id INTEGER PRIMARY KEY AUTOINCREMENT, 
                           name TEXT NOT NULL,
                           length FLOAT NOT NUll,
                           rating FLOAT,
                           count INTEGER NOT NULL DEFAULT 0,
                           artistID INTEGER NOT NULL,
                           genreID INTEGER NOT NULL,
                           albumID INTEGER NOT NULL);INSERT INTO "music" VALUES(1,'first music',3.14,NULL,0,1,2,1);INSERT INTO "music" VALUES(2,'first music',3.14,NULL,0,2,2,2);INSERT INTO "music" VALUES(3,'first music',3.14,NULL,0,3,2,3);INSERT INTO "music" VALUES(4,'first music',3.14,NULL,0,4,2,4);INSERT INTO "music" VALUES(5,'first music',3.14,NULL,0,5,2,5);INSERT INTO "music" VALUES(6,'first music',3.14,NULL,0,6,2,6);INSERT INTO "music" VALUES(7,'first music',3.14,NULL,0,7,2,7);INSERT INTO "music" VALUES(8,'first music',3.14,NULL,0,8,2,8);INSERT INTO "music" VALUES(9,'first music',3.14,NULL,0,9,2,9);INSERT INTO "music" VALUES(10,'first music',3.14,NULL,0,10,2,10);DELETE FROM "sqlite_sequence";INSERT INTO "sqlite_sequence" VALUES('artist',10);INSERT INTO "sqlite_sequence" VALUES('genre',2);INSERT INTO "sqlite_sequence" VALUES('album',10);INSERT INTO "sqlite_sequence" VALUES('music',10);COMMIT;